Date,Open,High,Low,Close,Volume,Adj Close
2017-02-24,64.529999,64.800003,64.139999,64.620003,21705200,64.620003
2017-02-23,64.419998,64.730003,64.190002,64.620003,20235200,64.620003
2017-02-22,64.330002,64.389999,64.050003,64.360001,19259700,64.360001
2017-02-21,64.610001,64.949997,64.449997,64.489998,19384900,64.489998
2017-02-17,64.470001,64.690002,64.300003,64.620003,21234600,64.620003
2017-02-16,64.739998,65.239998,64.440002,64.519997,20524700,64.519997
2017-02-15,64.50,64.57,64.160004,64.529999,16917000,64.529999
2017-02-14,64.410004,64.720001,64.019997,64.57,23065900,64.57
2017-02-24,64.529999,64.800003,64.139999,64.620003,21705200,64.620003
2017-02-23,64.419998,64.730003,64.190002,64.620003,20235200,64.620003
2017-02-22,64.330002,64.389999,64.050003,64.360001,19259700,64.360001
2017-02-21,64.610001,64.949997,64.449997,64.489998,19384900,64.489998
2017-02-17,64.470001,64.690002,64.300003,64.620003,21234600,64.620003
2017-02-16,64.739998,65.239998,64.440002,64.519997,20524700,64.519997
2017-02-15,64.50,64.57,64.160004,64.529999,16917000,64.529999
2017-02-14,64.410004,64.720001,64.019997,64.57,23065900,64.57
2017-02-24,64.529999,64.800003,64.139999,64.620003,21705200,64.620003
2017-02-23,64.419998,64.730003,64.190002,64.620003,20235200,64.620003
2017-02-22,64.330002,64.389999,64.050003,64.360001,19259700,64.360001
2017-02-21,64.610001,64.949997,64.449997,64.489998,19384900,64.489998
2017-02-17,64.470001,64.690002,64.300003,64.620003,21234600,64.620003
2017-02-16,64.739998,65.239998,64.440002,64.519997,20524700,64.519997
2017-02-15,64.50,64.57,64.160004,64.529999,16917000,64.529999
2017-02-14,64.410004,64.720001,64.019997,64.57,23065900,64.57
2017-02-24,64.529999,64.800003,64.139999,64.620003,21705200,64.620003
2017-02-23,64.419998,64.730003,64.190002,64.620003,20235200,64.620003
2017-02-22,64.330002,64.389999,64.050003,64.360001,19259700,64.360001
2017-02-21,64.610001,64.949997,64.449997,64.489998,19384900,64.489998
2017-02-17,64.470001,64.690002,64.300003,64.620003,21234600,64.620003
2017-02-16,64.739998,65.239998,64.440002,64.519997,20524700,64.519997
2017-02-15,64.50,64.57,64.160004,64.529999,16917000,64.529999
2017-02-14,64.410004,64.720001,64.019997,64.57,23065900,64.57
2017-02-24,64.529999,64.800003,64.139999,64.620003,21705200,64.620003
2017-02-23,64.419998,64.730003,64.190002,64.620003,20235200,64.620003
2017-02-22,64.330002,64.389999,64.050003,64.360001,19259700,64.360001
2017-02-21,64.610001,64.949997,64.449997,64.489998,19384900,64.489998
2017-02-17,64.470001,64.690002,64.300003,64.620003,21234600,64.620003
2017-02-16,64.739998,65.239998,64.440002,64.519997,20524700,64.519997
2017-02-15,64.50,64.57,64.160004,64.529999,16917000,64.529999
2017-02-14,64.410004,64.720001,64.019997,64.57,23065900,64.57
2017-02-24,64.529999,64.800003,64.139999,64.620003,21705200,64.620003
2017-02-23,64.419998,64.730003,64.190002,64.620003,20235200,64.620003
2017-02-22,64.330002,64.389999,64.050003,64.360001,19259700,64.360001
2017-02-21,64.610001,64.949997,64.449997,64.489998,19384900,64.489998
2017-02-17,64.470001,64.690002,64.300003,64.620003,21234600,64.620003
2017-02-16,64.739998,65.239998,64.440002,64.519997,20524700,64.519997
2017-02-15,64.50,64.57,64.160004,64.529999,16917000,64.529999
2017-02-14,64.410004,64.720001,64.019997,64.57,23065900,64.57
2017-02-24,64.529999,64.800003,64.139999,64.620003,21705200,64.620003
2017-02-23,64.419998,64.730003,64.190002,64.620003,20235200,64.620003
2017-02-22,64.330002,64.389999,64.050003,64.360001,19259700,64.360001
2017-02-21,64.610001,64.949997,64.449997,64.489998,19384900,64.489998
2017-02-17,64.470001,64.690002,64.300003,64.620003,21234600,64.620003
2017-02-16,64.739998,65.239998,64.440002,64.519997,20524700,64.519997
2017-02-15,64.50,64.57,64.160004,64.529999,16917000,64.529999
2017-02-14,64.410004,64.720001,64.019997,64.57,23065900,64.57
2017-02-24,64.529999,64.800003,64.139999,64.620003,21705200,64.620003
2017-02-23,64.419998,64.730003,64.190002,64.620003,20235200,64.620003
2017-02-22,64.330002,64.389999,64.050003,64.360001,19259700,64.360001
2017-02-21,64.610001,64.949997,64.449997,64.489998,19384900,64.489998
2017-02-17,64.470001,64.690002,64.300003,64.620003,21234600,64.620003
2017-02-16,64.739998,65.239998,64.440002,64.519997,20524700,64.519997
2017-02-15,64.50,64.57,64.160004,64.529999,16917000,64.529999
2017-02-14,64.410004,64.720001,64.019997,64.57,23065900,64.57
2017-02-24,64.529999,64.800003,64.139999,64.620003,21705200,64.620003
2017-02-23,64.419998,64.730003,64.190002,64.620003,20235200,64.620003
2017-02-22,64.330002,64.389999,64.050003,64.360001,19259700,64.360001
2017-02-21,64.610001,64.949997,64.449997,64.489998,19384900,64.489998
2017-02-17,64.470001,64.690002,64.300003,64.620003,21234600,64.620003
2017-02-16,64.739998,65.239998,64.440002,64.519997,20524700,64.519997
2017-02-15,64.50,64.57,64.160004,64.529999,16917000,64.529999
2017-02-14,64.410004,64.720001,64.019997,64.57,23065900,64.57
2017-02-24,64.529999,64.800003,64.139999,64.620003,21705200,64.620003
2017-02-23,64.419998,64.730003,64.190002,64.620003,20235200,64.620003
2017-02-22,64.330002,64.389999,64.050003,64.360001,19259700,64.360001
2017-02-21,64.610001,64.949997,64.449997,64.489998,19384900,64.489998
2017-02-17,64.470001,64.690002,64.300003,64.620003,21234600,64.620003
2017-02-16,64.739998,65.239998,64.440002,64.519997,20524700,64.519997
2017-02-15,64.50,64.57,64.160004,64.529999,16917000,64.529999
2017-02-14,64.410004,64.720001,64.019997,64.57,23065900,64.57
2017-02-24,64.529999,64.800003,64.139999,64.620003,21705200,64.620003
2017-02-23,64.419998,64.730003,64.190002,64.620003,20235200,64.620003
2017-02-22,64.330002,64.389999,64.050003,64.360001,19259700,64.360001
2017-02-21,64.610001,64.949997,64.449997,64.489998,19384900,64.489998
2017-02-17,64.470001,64.690002,64.300003,64.620003,21234600,64.620003
2017-02-16,64.739998,65.239998,64.440002,64.519997,20524700,64.519997
2017-02-15,64.50,64.57,64.160004,64.529999,16917000,64.529999
2017-02-14,64.410004,64.720001,64.019997,64.57,23065900,64.57
2017-02-24,64.529999,64.800003,64.139999,64.620003,21705200,64.620003
2017-02-23,64.419998,64.730003,64.190002,64.620003,20235200,64.620003
2017-02-22,64.330002,64.389999,64.050003,64.360001,19259700,64.360001
2017-02-21,64.610001,64.949997,64.449997,64.489998,19384900,64.489998
2017-02-17,64.470001,64.690002,64.300003,64.620003,21234600,64.620003
2017-02-16,64.739998,65.239998,64.440002,64.519997,20524700,64.519997
2017-02-15,64.50,64.57,64.160004,64.529999,16917000,64.529999
2017-02-14,64.410004,64.720001,64.019997,64.57,23065900,64.57
2017-02-24,64.529999,64.800003,64.139999,64.620003,21705200,64.620003
2017-02-23,64.419998,64.730003,64.190002,64.620003,20235200,64.620003
2017-02-22,64.330002,64.389999,64.050003,64.360001,19259700,64.360001
2017-02-21,64.610001,64.949997,64.449997,64.489998,19384900,64.489998
2017-02-17,64.470001,64.690002,64.300003,64.620003,21234600,64.620003
2017-02-16,64.739998,65.239998,64.440002,64.519997,20524700,64.519997
2017-02-15,64.50,64.57,64.160004,64.529999,16917000,64.529999
2017-02-14,64.410004,64.720001,64.019997,64.57,23065900,64.57
2017-02-24,64.529999,64.800003,64.139999,64.620003,21705200,64.620003
2017-02-23,64.419998,64.730003,64.190002,64.620003,20235200,64.620003
2017-02-22,64.330002,64.389999,64.050003,64.360001,19259700,64.360001
2017-02-21,64.610001,64.949997,64.449997,64.489998,19384900,64.489998
2017-02-17,64.470001,64.690002,64.300003,64.620003,21234600,64.620003
2017-02-16,64.739998,65.239998,64.440002,64.519997,20524700,64.519997
2017-02-15,64.50,64.57,64.160004,64.529999,16917000,64.529999
2017-02-14,64.410004,64.720001,64.019997,64.57,23065900,64.57
2017-02-24,64.529999,64.800003,64.139999,64.620003,21705200,64.620003
2017-02-23,64.419998,64.730003,64.190002,64.620003,20235200,64.620003
2017-02-22,64.330002,64.389999,64.050003,64.360001,19259700,64.360001
2017-02-21,64.610001,64.949997,64.449997,64.489998,19384900,64.489998
2017-02-17,64.470001,64.690002,64.300003,64.620003,21234600,64.620003
2017-02-16,64.739998,65.239998,64.440002,64.519997,20524700,64.519997
2017-02-15,64.50,64.57,64.160004,64.529999,16917000,64.529999
2017-02-14,64.410004,64.720001,64.019997,64.57,23065900,64.57
2017-02-24,64.529999,64.800003,64.139999,64.620003,21705200,64.620003
2017-02-23,64.419998,64.730003,64.190002,64.620003,20235200,64.620003
2017-02-22,64.330002,64.389999,64.050003,64.360001,19259700,64.360001
2017-02-21,64.610001,64.949997,64.449997,64.489998,19384900,64.489998
2017-02-17,64.470001,64.690002,64.300003,64.620003,21234600,64.620003
2017-02-16,64.739998,65.239998,64.440002,64.519997,20524700,64.519997
2017-02-15,64.50,64.57,64.160004,64.529999,16917000,64.529999
2017-02-14,64.410004,64.720001,64.019997,64.57,23065900,64.57
2017-02-24,64.529999,64.800003,64.139999,64.620003,21705200,64.620003
2017-02-23,64.419998,64.730003,64.190002,64.620003,20235200,64.620003
2017-02-22,64.330002,64.389999,64.050003,64.360001,19259700,64.360001
2017-02-21,64.610001,64.949997,64.449997,64.489998,19384900,64.489998
2017-02-17,64.470001,64.690002,64.300003,64.620003,21234600,64.620003
2017-02-16,64.739998,65.239998,64.440002,64.519997,20524700,64.519997
2017-02-15,64.50,64.57,64.160004,64.529999,16917000,64.529999
2017-02-14,64.410004,64.720001,64.019997,64.57,23065900,64.57
2017-02-24,64.529999,64.800003,64.139999,64.620003,21705200,64.620003
2017-02-23,64.419998,64.730003,64.190002,64.620003,20235200,64.620003
2017-02-22,64.330002,64.389999,64.050003,64.360001,19259700,64.360001
2017-02-21,64.610001,64.949997,64.449997,64.489998,19384900,64.489998
2017-02-17,64.470001,64.690002,64.300003,64.620003,21234600,64.620003
2017-02-16,64.739998,65.239998,64.440002,64.519997,20524700,64.519997
2017-02-15,64.50,64.57,64.160004,64.529999,16917000,64.529999
2017-02-14,64.410004,64.720001,64.019997,64.57,23065900,64.57
2017-02-24,64.529999,64.800003,64.139999,64.620003,21705200,64.620003
2017-02-23,64.419998,64.730003,64.190002,64.620003,20235200,64.620003
2017-02-22,64.330002,64.389999,64.050003,64.360001,19259700,64.360001
2017-02-21,64.610001,64.949997,64.449997,64.489998,19384900,64.489998
2017-02-17,64.470001,64.690002,64.300003,64.620003,21234600,64.620003
2017-02-16,64.739998,65.239998,64.440002,64.519997,20524700,64.519997
2017-02-15,64.50,64.57,64.160004,64.529999,16917000,64.529999
2017-02-14,64.410004,64.720001,64.019997,64.57,23065900,64.57
2017-02-24,64.529999,64.800003,64.139999,64.620003,21705200,64.620003
2017-02-23,64.419998,64.730003,64.190002,64.620003,20235200,64.620003
2017-02-22,64.330002,64.389999,64.050003,64.360001,19259700,64.360001
2017-02-21,64.610001,64.949997,64.449997,64.489998,19384900,64.489998
2017-02-17,64.470001,64.690002,64.300003,64.620003,21234600,64.620003
2017-02-16,64.739998,65.239998,64.440002,64.519997,20524700,64.519997
2017-02-15,64.50,64.57,64.160004,64.529999,16917000,64.529999
2017-02-14,64.410004,64.720001,64.019997,64.57,23065900,64.57
2017-02-24,64.529999,64.800003,64.139999,64.620003,21705200,64.620003
2017-02-23,64.419998,64.730003,64.190002,64.620003,20235200,64.620003
2017-02-22,64.330002,64.389999,64.050003,64.360001,19259700,64.360001
2017-02-21,64.610001,64.949997,64.449997,64.489998,19384900,64.489998
2017-02-17,64.470001,64.690002,64.300003,64.620003,21234600,64.620003
2017-02-16,64.739998,65.239998,64.440002,64.519997,20524700,64.519997
2017-02-15,64.50,64.57,64.160004,64.529999,16917000,64.529999
2017-02-14,64.410004,64.720001,64.019997,64.57,23065900,64.57
2017-02-24,64.529999,64.800003,64.139999,64.620003,21705200,64.620003
2017-02-23,64.419998,64.730003,64.190002,64.620003,20235200,64.620003
2017-02-22,64.330002,64.389999,64.050003,64.360001,19259700,64.360001
2017-02-21,64.610001,64.949997,64.449997,64.489998,19384900,64.489998
2017-02-17,64.470001,64.690002,64.300003,64.620003,21234600,64.620003
2017-02-16,64.739998,65.239998,64.440002,64.519997,20524700,64.519997
2017-02-15,64.50,64.57,64.160004,64.529999,16917000,64.529999
2017-02-14,64.410004,64.720001,64.019997,64.57,23065900,64.57
2017-02-24,64.529999,64.800003,64.139999,64.620003,21705200,64.620003
2017-02-23,64.419998,64.730003,64.190002,64.620003,20235200,64.620003
2017-02-22,64.330002,64.389999,64.050003,64.360001,19259700,64.360001
2017-02-21,64.610001,64.949997,64.449997,64.489998,19384900,64.489998
2017-02-17,64.470001,64.690002,64.300003,64.620003,21234600,64.620003
2017-02-16,64.739998,65.239998,64.440002,64.519997,20524700,64.519997
2017-02-15,64.50,64.57,64.160004,64.529999,16917000,64.529999
2017-02-14,64.410004,64.720001,64.019997,64.57,23065900,64.57
2017-02-24,64.529999,64.800003,64.139999,64.620003,21705200,64.620003
2017-02-23,64.419998,64.730003,64.190002,64.620003,20235200,64.620003
2017-02-22,64.330002,64.389999,64.050003,64.360001,19259700,64.360001
2017-02-21,64.610001,64.949997,64.449997,64.489998,19384900,64.489998
2017-02-17,64.470001,64.690002,64.300003,64.620003,21234600,64.620003
2017-02-16,64.739998,65.239998,64.440002,64.519997,20524700,64.519997
2017-02-15,64.50,64.57,64.160004,64.529999,16917000,64.529999
2017-02-14,64.410004,64.720001,64.019997,64.57,23065900,64.57
2017-02-24,64.529999,64.800003,64.139999,64.620003,21705200,64.620003
2017-02-23,64.419998,64.730003,64.190002,64.620003,20235200,64.620003
2017-02-22,64.330002,64.389999,64.050003,64.360001,19259700,64.360001
2017-02-21,64.610001,64.949997,64.449997,64.489998,19384900,64.489998
2017-02-17,64.470001,64.690002,64.300003,64.620003,21234600,64.620003
2017-02-16,64.739998,65.239998,64.440002,64.519997,20524700,64.519997
2017-02-15,64.50,64.57,64.160004,64.529999,16917000,64.529999
2017-02-14,64.410004,64.720001,64.019997,64.57,23065900,64.57
2017-02-24,64.529999,64.800003,64.139999,64.620003,21705200,64.620003
2017-02-23,64.419998,64.730003,64.190002,64.620003,20235200,64.620003
2017-02-22,64.330002,64.389999,64.050003,64.360001,19259700,64.360001
2017-02-21,64.610001,64.949997,64.449997,64.489998,19384900,64.489998
2017-02-17,64.470001,64.690002,64.300003,64.620003,21234600,64.620003
2017-02-16,64.739998,65.239998,64.440002,64.519997,20524700,64.519997
2017-02-15,64.50,64.57,64.160004,64.529999,16917000,64.529999
2017-02-14,64.410004,64.720001,64.019997,64.57,23065900,64.57
2017-02-24,64.529999,64.800003,64.139999,64.620003,21705200,64.620003
2017-02-23,64.419998,64.730003,64.190002,64.620003,20235200,64.620003
2017-02-22,64.330002,64.389999,64.050003,64.360001,19259700,64.360001
2017-02-21,64.610001,64.949997,64.449997,64.489998,19384900,64.489998
2017-02-17,64.470001,64.690002,64.300003,64.620003,21234600,64.620003
2017-02-16,64.739998,65.239998,64.440002,64.519997,20524700,64.519997
2017-02-15,64.50,64.57,64.160004,64.529999,16917000,64.529999
2017-02-14,64.410004,64.720001,64.019997,64.57,23065900,64.57
2017-02-24,64.529999,64.800003,64.139999,64.620003,21705200,64.620003
2017-02-23,64.419998,64.730003,64.190002,64.620003,20235200,64.620003
2017-02-22,64.330002,64.389999,64.050003,64.360001,19259700,64.360001
2017-02-21,64.610001,64.949997,64.449997,64.489998,19384900,64.489998
2017-02-17,64.470001,64.690002,64.300003,64.620003,21234600,64.620003
2017-02-16,64.739998,65.239998,64.440002,64.519997,20524700,64.519997
2017-02-15,64.50,64.57,64.160004,64.529999,16917000,64.529999
2017-02-14,64.410004,64.720001,64.019997,64.57,23065900,64.57
2017-02-24,64.529999,64.800003,64.139999,64.620003,21705200,64.620003
2017-02-23,64.419998,64.730003,64.190002,64.620003,20235200,64.620003
2017-02-22,64.330002,64.389999,64.050003,64.360001,19259700,64.360001
2017-02-21,64.610001,64.949997,64.449997,64.489998,19384900,64.489998
2017-02-17,64.470001,64.690002,64.300003,64.620003,21234600,64.620003
2017-02-16,64.739998,65.239998,64.440002,64.519997,20524700,64.519997
2017-02-15,64.50,64.57,64.160004,64.529999,16917000,64.529999
2017-02-14,64.410004,64.720001,64.019997,64.57,23065900,64.57
2017-02-24,64.529999,64.800003,64.139999,64.620003,21705200,64.620003
2017-02-23,64.419998,64.730003,64.190002,64.620003,20235200,64.620003
2017-02-22,64.330002,64.389999,64.050003,64.360001,19259700,64.360001
2017-02-21,64.610001,64.949997,64.449997,64.489998,19384900,64.489998
2017-02-17,64.470001,64.690002,64.300003,64.620003,21234600,64.620003
2017-02-16,64.739998,65.239998,64.440002,64.519997,20524700,64.519997
2017-02-15,64.50,64.57,64.160004,64.529999,16917000,64.529999
2017-02-14,64.410004,64.720001,64.019997,64.57,23065900,64.57
2017-02-24,64.529999,64.800003,64.139999,64.620003,21705200,64.620003
2017-02-23,64.419998,64.730003,64.190002,64.620003,20235200,64.620003
2017-02-22,64.330002,64.389999,64.050003,64.360001,19259700,64.360001
2017-02-21,64.610001,64.949997,64.449997,64.489998,19384900,64.489998
2017-02-17,64.470001,64.690002,64.300003,64.620003,21234600,64.620003
2017-02-16,64.739998,65.239998,64.440002,64.519997,20524700,64.519997
2017-02-15,64.50,64.57,64.160004,64.529999,16917000,64.529999
2017-02-14,64.410004,64.720001,64.019997,64.57,23065900,64.57
2017-02-24,64.529999,64.800003,64.139999,64.620003,21705200,64.620003
2017-02-23,64.419998,64.730003,64.190002,64.620003,20235200,64.620003
2017-02-22,64.330002,64.389999,64.050003,64.360001,19259700,64.360001
2017-02-21,64.610001,64.949997,64.449997,64.489998,19384900,64.489998
2017-02-17,64.470001,64.690002,64.300003,64.620003,21234600,64.620003
2017-02-16,64.739998,65.239998,64.440002,64.519997,20524700,64.519997
2017-02-15,64.50,64.57,64.160004,64.529999,16917000,64.529999
2017-02-14,64.410004,64.720001,64.019997,64.57,23065900,64.57
2017-02-24,64.529999,64.800003,64.139999,64.620003,21705200,64.620003
2017-02-23,64.419998,64.730003,64.190002,64.620003,20235200,64.620003
2017-02-22,64.330002,64.389999,64.050003,64.360001,19259700,64.360001
2017-02-21,64.610001,64.949997,64.449997,64.489998,19384900,64.489998
2017-02-17,64.470001,64.690002,64.300003,64.620003,21234600,64.620003
2017-02-16,64.739998,65.239998,64.440002,64.519997,20524700,64.519997
2017-02-15,64.50,64.57,64.160004,64.529999,16917000,64.529999
2017-02-14,64.410004,64.720001,64.019997,64.57,23065900,64.57
2017-02-24,64.529999,64.800003,64.139999,64.620003,21705200,64.620003
2017-02-23,64.419998,64.730003,64.190002,64.620003,20235200,64.620003
2017-02-22,64.330002,64.389999,64.050003,64.360001,19259700,64.360001
2017-02-21,64.610001,64.949997,64.449997,64.489998,19384900,64.489998
2017-02-17,64.470001,64.690002,64.300003,64.620003,21234600,64.620003
2017-02-16,64.739998,65.239998,64.440002,64.519997,20524700,64.519997
2017-02-15,64.50,64.57,64.160004,64.529999,16917000,64.529999
2017-02-14,64.410004,64.720001,64.019997,64.57,23065900,64.57
2017-02-24,64.529999,64.800003,64.139999,64.620003,21705200,64.620003
2017-02-23,64.419998,64.730003,64.190002,64.620003,20235200,64.620003
2017-02-22,64.330002,64.389999,64.050003,64.360001,19259700,64.360001
2017-02-21,64.610001,64.949997,64.449997,64.489998,19384900,64.489998
2017-02-17,64.470001,64.690002,64.300003,64.620003,21234600,64.620003
2017-02-16,64.739998,65.239998,64.440002,64.519997,20524700,64.519997
2017-02-15,64.50,64.57,64.160004,64.529999,16917000,64.529999
2017-02-14,64.410004,64.720001,64.019997,64.57,23065900,64.57
2017-02-24,64.529999,64.800003,64.139999,64.620003,21705200,64.620003
2017-02-23,64.419998,64.730003,64.190002,64.620003,20235200,64.620003
2017-02-22,64.330002,64.389999,64.050003,64.360001,19259700,64.360001
2017-02-21,64.610001,64.949997,64.449997,64.489998,19384900,64.489998
2017-02-17,64.470001,64.690002,64.300003,64.620003,21234600,64.620003
2017-02-16,64.739998,65.239998,64.440002,64.519997,20524700,64.519997
2017-02-15,64.50,64.57,64.160004,64.529999,16917000,64.529999
2017-02-14,64.410004,64.720001,64.019997,64.57,23065900,64.57
2017-02-24,64.529999,64.800003,64.139999,64.620003,21705200,64.620003
2017-02-23,64.419998,64.730003,64.190002,64.620003,20235200,64.620003
2017-02-22,64.330002,64.389999,64.050003,64.360001,19259700,64.360001
2017-02-21,64.610001,64.949997,64.449997,64.489998,19384900,64.489998
2017-02-17,64.470001,64.690002,64.300003,64.620003,21234600,64.620003
2017-02-16,64.739998,65.239998,64.440002,64.519997,20524700,64.519997
2017-02-15,64.50,64.57,64.160004,64.529999,16917000,64.529999
2017-02-14,64.410004,64.720001,64.019997,64.57,23065900,64.57
2017-02-24,64.529999,64.800003,64.139999,64.620003,21705200,64.620003
2017-02-23,64.419998,64.730003,64.190002,64.620003,20235200,64.620003
2017-02-22,64.330002,64.389999,64.050003,64.360001,19259700,64.360001
2017-02-21,64.610001,64.949997,64.449997,64.489998,19384900,64.489998
2017-02-17,64.470001,64.690002,64.300003,64.620003,21234600,64.620003
2017-02-16,64.739998,65.239998,64.440002,64.519997,20524700,64.519997
2017-02-15,64.50,64.57,64.160004,64.529999,16917000,64.529999
2017-02-14,64.410004,64.720001,64.019997,64.57,23065900,64.57
2017-02-24,64.529999,64.800003,64.139999,64.620003,21705200,64.620003
2017-02-23,64.419998,64.730003,64.190002,64.620003,20235200,64.620003
2017-02-22,64.330002,64.389999,64.050003,64.360001,19259700,64.360001
2017-02-21,64.610001,64.949997,64.449997,64.489998,19384900,64.489998
2017-02-17,64.470001,64.690002,64.300003,64.620003,21234600,64.620003
2017-02-16,64.739998,65.239998,64.440002,64.519997,20524700,64.519997
2017-02-15,64.50,64.57,64.160004,64.529999,16917000,64.529999
2017-02-14,64.410004,64.720001,64.019997,64.57,23065900,64.57
2017-02-24,64.529999,64.800003,64.139999,64.620003,21705200,64.620003
2017-02-23,64.419998,64.730003,64.190002,64.620003,20235200,64.620003
2017-02-22,64.330002,64.389999,64.050003,64.360001,19259700,64.360001
2017-02-21,64.610001,64.949997,64.449997,64.489998,19384900,64.489998
2017-02-17,64.470001,64.690002,64.300003,64.620003,21234600,64.620003
2017-02-16,64.739998,65.239998,64.440002,64.519997,20524700,64.519997
2017-02-15,64.50,64.57,64.160004,64.529999,16917000,64.529999
2017-02-14,64.410004,64.720001,64.019997,64.57,23065900,64.57
2017-02-24,64.529999,64.800003,64.139999,64.620003,21705200,64.620003
2017-02-23,64.419998,64.730003,64.190002,64.620003,20235200,64.620003
2017-02-22,64.330002,64.389999,64.050003,64.360001,19259700,64.360001
2017-02-21,64.610001,64.949997,64.449997,64.489998,19384900,64.489998
2017-02-17,64.470001,64.690002,64.300003,64.620003,21234600,64.620003
2017-02-16,64.739998,65.239998,64.440002,64.519997,20524700,64.519997
2017-02-15,64.50,64.57,64.160004,64.529999,16917000,64.529999
2017-02-14,64.410004,64.720001,64.019997,64.57,23065900,64.57
2017-02-24,64.529999,64.800003,64.139999,64.620003,21705200,64.620003
2017-02-23,64.419998,64.730003,64.190002,64.620003,20235200,64.620003
2017-02-22,64.330002,64.389999,64.050003,64.360001,19259700,64.360001
2017-02-21,64.610001,64.949997,64.449997,64.489998,19384900,64.489998
2017-02-17,64.470001,64.690002,64.300003,64.620003,21234600,64.620003
2017-02-16,64.739998,65.239998,64.440002,64.519997,20524700,64.519997
2017-02-15,64.50,64.57,64.160004,64.529999,16917000,64.529999
2017-02-14,64.410004,64.720001,64.019997,64.57,23065900,64.57
2017-02-24,64.529999,64.800003,64.139999,64.620003,21705200,64.620003
2017-02-23,64.419998,64.730003,64.190002,64.620003,20235200,64.620003
2017-02-22,64.330002,64.389999,64.050003,64.360001,19259700,64.360001
2017-02-21,64.610001,64.949997,64.449997,64.489998,19384900,64.489998
2017-02-17,64.470001,64.690002,64.300003,64.620003,21234600,64.620003
2017-02-16,64.739998,65.239998,64.440002,64.519997,20524700,64.519997
2017-02-15,64.50,64.57,64.160004,64.529999,16917000,64.529999
2017-02-14,64.410004,64.720001,64.019997,64.57,23065900,64.57
2017-02-24,64.529999,64.800003,64.139999,64.620003,21705200,64.620003
2017-02-23,64.419998,64.730003,64.190002,64.620003,20235200,64.620003
2017-02-22,64.330002,64.389999,64.050003,64.360001,19259700,64.360001
2017-02-21,64.610001,64.949997,64.449997,64.489998,19384900,64.489998
2017-02-17,64.470001,64.690002,64.300003,64.620003,21234600,64.620003
2017-02-16,64.739998,65.239998,64.440002,64.519997,20524700,64.519997
2017-02-15,64.50,64.57,64.160004,64.529999,16917000,64.529999
2017-02-14,64.410004,64.720001,64.019997,64.57,23065900,64.57
2017-02-24,64.529999,64.800003,64.139999,64.620003,21705200,64.620003
2017-02-23,64.419998,64.730003,64.190002,64.620003,20235200,64.620003
2017-02-22,64.330002,64.389999,64.050003,64.360001,19259700,64.360001
2017-02-21,64.610001,64.949997,64.449997,64.489998,19384900,64.489998
2017-02-17,64.470001,64.690002,64.300003,64.620003,21234600,64.620003
2017-02-16,64.739998,65.239998,64.440002,64.519997,20524700,64.519997
2017-02-15,64.50,64.57,64.160004,64.529999,16917000,64.529999
2017-02-14,64.410004,64.720001,64.019997,64.57,23065900,64.57
2017-02-24,64.529999,64.800003,64.139999,64.620003,21705200,64.620003
2017-02-23,64.419998,64.730003,64.190002,64.620003,20235200,64.620003
2017-02-22,64.330002,64.389999,64.050003,64.360001,19259700,64.360001
2017-02-21,64.610001,64.949997,64.449997,64.489998,19384900,64.489998
2017-02-17,64.470001,64.690002,64.300003,64.620003,21234600,64.620003
2017-02-16,64.739998,65.239998,64.440002,64.519997,20524700,64.519997
2017-02-15,64.50,64.57,64.160004,64.529999,16917000,64.529999
2017-02-14,64.410004,64.720001,64.019997,64.57,23065900,64.57
2017-02-24,64.529999,64.800003,64.139999,64.620003,21705200,64.620003
2017-02-23,64.419998,64.730003,64.190002,64.620003,20235200,64.620003
2017-02-22,64.330002,64.389999,64.050003,64.360001,19259700,64.360001
2017-02-21,64.610001,64.949997,64.449997,64.489998,19384900,64.489998
2017-02-17,64.470001,64.690002,64.300003,64.620003,21234600,64.620003
2017-02-16,64.739998,65.239998,64.440002,64.519997,20524700,64.519997
2017-02-15,64.50,64.57,64.160004,64.529999,16917000,64.529999
2017-02-14,64.410004,64.720001,64.019997,64.57,23065900,64.57
2017-02-24,64.529999,64.800003,64.139999,64.620003,21705200,64.620003
2017-02-23,64.419998,64.730003,64.190002,64.620003,20235200,64.620003
2017-02-22,64.330002,64.389999,64.050003,64.360001,19259700,64.360001
2017-02-21,64.610001,64.949997,64.449997,64.489998,19384900,64.489998
2017-02-17,64.470001,64.690002,64.300003,64.620003,21234600,64.620003
2017-02-16,64.739998,65.239998,64.440002,64.519997,20524700,64.519997
2017-02-15,64.50,64.57,64.160004,64.529999,16917000,64.529999
2017-02-14,64.410004,64.720001,64.019997,64.57,23065900,64.57
2017-02-24,64.529999,64.800003,64.139999,64.620003,21705200,64.620003
2017-02-23,64.419998,64.730003,64.190002,64.620003,20235200,64.620003
2017-02-22,64.330002,64.389999,64.050003,64.360001,19259700,64.360001
2017-02-21,64.610001,64.949997,64.449997,64.489998,19384900,64.489998
2017-02-17,64.470001,64.690002,64.300003,64.620003,21234600,64.620003
2017-02-16,64.739998,65.239998,64.440002,64.519997,20524700,64.519997
2017-02-15,64.50,64.57,64.160004,64.529999,16917000,64.529999
2017-02-14,64.410004,64.720001,64.019997,64.57,23065900,64.57
2017-02-24,64.529999,64.800003,64.139999,64.620003,21705200,64.620003
2017-02-23,64.419998,64.730003,64.190002,64.620003,20235200,64.620003
2017-02-22,64.330002,64.389999,64.050003,64.360001,19259700,64.360001
2017-02-21,64.610001,64.949997,64.449997,64.489998,19384900,64.489998
2017-02-17,64.470001,64.690002,64.300003,64.620003,21234600,64.620003
2017-02-16,64.739998,65.239998,64.440002,64.519997,20524700,64.519997
2017-02-15,64.50,64.57,64.160004,64.529999,16917000,64.529999
2017-02-14,64.410004,64.720001,64.019997,64.57,23065900,64.57
2017-02-24,64.529999,64.800003,64.139999,64.620003,21705200,64.620003
2017-02-23,64.419998,64.730003,64.190002,64.620003,20235200,64.620003
2017-02-22,64.330002,64.389999,64.050003,64.360001,19259700,64.360001
2017-02-21,64.610001,64.949997,64.449997,64.489998,19384900,64.489998
2017-02-17,64.470001,64.690002,64.300003,64.620003,21234600,64.620003
2017-02-16,64.739998,65.239998,64.440002,64.519997,20524700,64.519997
2017-02-15,64.50,64.57,64.160004,64.529999,16917000,64.529999
2017-02-14,64.410004,64.720001,64.019997,64.57,23065900,64.57
2017-02-24,64.529999,64.800003,64.139999,64.620003,21705200,64.620003
2017-02-23,64.419998,64.730003,64.190002,64.620003,20235200,64.620003
2017-02-22,64.330002,64.389999,64.050003,64.360001,19259700,64.360001
2017-02-21,64.610001,64.949997,64.449997,64.489998,19384900,64.489998
2017-02-17,64.470001,64.690002,64.300003,64.620003,21234600,64.620003
2017-02-16,64.739998,65.239998,64.440002,64.519997,20524700,64.519997
2017-02-15,64.50,64.57,64.160004,64.529999,16917000,64.529999
2017-02-14,64.410004,64.720001,64.019997,64.57,23065900,64.57
2017-02-24,64.529999,64.800003,64.139999,64.620003,21705200,64.620003
2017-02-23,64.419998,64.730003,64.190002,64.620003,20235200,64.620003
2017-02-22,64.330002,64.389999,64.050003,64.360001,19259700,64.360001
2017-02-21,64.610001,64.949997,64.449997,64.489998,19384900,64.489998
2017-02-17,64.470001,64.690002,64.300003,64.620003,21234600,64.620003
2017-02-16,64.739998,65.239998,64.440002,64.519997,20524700,64.519997
2017-02-15,64.50,64.57,64.160004,64.529999,16917000,64.529999
2017-02-14,64.410004,64.720001,64.019997,64.57,23065900,64.57
2017-02-24,64.529999,64.800003,64.139999,64.620003,21705200,64.620003
2017-02-23,64.419998,64.730003,64.190002,64.620003,20235200,64.620003
2017-02-22,64.330002,64.389999,64.050003,64.360001,19259700,64.360001
2017-02-21,64.610001,64.949997,64.449997,64.489998,19384900,64.489998
2017-02-17,64.470001,64.690002,64.300003,64.620003,21234600,64.620003
2017-02-16,64.739998,65.239998,64.440002,64.519997,20524700,64.519997
2017-02-15,64.50,64.57,64.160004,64.529999,16917000,64.529999
2017-02-14,64.410004,64.720001,64.019997,64.57,23065900,64.57
2017-02-24,64.529999,64.800003,64.139999,64.620003,21705200,64.620003
2017-02-23,64.419998,64.730003,64.190002,64.620003,20235200,64.620003
2017-02-22,64.330002,64.389999,64.050003,64.360001,19259700,64.360001
2017-02-21,64.610001,64.949997,64.449997,64.489998,19384900,64.489998
2017-02-17,64.470001,64.690002,64.300003,64.620003,21234600,64.620003
2017-02-16,64.739998,65.239998,64.440002,64.519997,20524700,64.519997
2017-02-15,64.50,64.57,64.160004,64.529999,16917000,64.529999
2017-02-14,64.410004,64.720001,64.019997,64.57,23065900,64.57
2017-02-24,64.529999,64.800003,64.139999,64.620003,21705200,64.620003
2017-02-23,64.419998,64.730003,64.190002,64.620003,20235200,64.620003
2017-02-22,64.330002,64.389999,64.050003,64.360001,19259700,64.360001
2017-02-21,64.610001,64.949997,64.449997,64.489998,19384900,64.489998
2017-02-17,64.470001,64.690002,64.300003,64.620003,21234600,64.620003
2017-02-16,64.739998,65.239998,64.440002,64.519997,20524700,64.519997
2017-02-15,64.50,64.57,64.160004,64.529999,16917000,64.529999
2017-02-14,64.410004,64.720001,64.019997,64.57,23065900,64.57
2017-02-24,64.529999,64.800003,64.139999,64.620003,21705200,64.620003
2017-02-23,64.419998,64.730003,64.190002,64.620003,20235200,64.620003
2017-02-22,64.330002,64.389999,64.050003,64.360001,19259700,64.360001
2017-02-21,64.610001,64.949997,64.449997,64.489998,19384900,64.489998
2017-02-17,64.470001,64.690002,64.300003,64.620003,21234600,64.620003
2017-02-16,64.739998,65.239998,64.440002,64.519997,20524700,64.519997
2017-02-15,64.50,64.57,64.160004,64.529999,16917000,64.529999
2017-02-14,64.410004,64.720001,64.019997,64.57,23065900,64.57
2017-02-24,64.529999,64.800003,64.139999,64.620003,21705200,64.620003
2017-02-23,64.419998,64.730003,64.190002,64.620003,20235200,64.620003
2017-02-22,64.330002,64.389999,64.050003,64.360001,19259700,64.360001
2017-02-21,64.610001,64.949997,64.449997,64.489998,19384900,64.489998
2017-02-17,64.470001,64.690002,64.300003,64.620003,21234600,64.620003
2017-02-16,64.739998,65.239998,64.440002,64.519997,20524700,64.519997
2017-02-15,64.50,64.57,64.160004,64.529999,16917000,64.529999
2017-02-14,64.410004,64.720001,64.019997,64.57,23065900,64.57
2017-02-24,64.529999,64.800003,64.139999,64.620003,21705200,64.620003
2017-02-23,64.419998,64.730003,64.190002,64.620003,20235200,64.620003
2017-02-22,64.330002,64.389999,64.050003,64.360001,19259700,64.360001
2017-02-21,64.610001,64.949997,64.449997,64.489998,19384900,64.489998
2017-02-17,64.470001,64.690002,64.300003,64.620003,21234600,64.620003
2017-02-16,64.739998,65.239998,64.440002,64.519997,20524700,64.519997
2017-02-15,64.50,64.57,64.160004,64.529999,16917000,64.529999
2017-02-14,64.410004,64.720001,64.019997,64.57,23065900,64.57
2017-02-24,64.529999,64.800003,64.139999,64.620003,21705200,64.620003
2017-02-23,64.419998,64.730003,64.190002,64.620003,20235200,64.620003
2017-02-22,64.330002,64.389999,64.050003,64.360001,19259700,64.360001
2017-02-21,64.610001,64.949997,64.449997,64.489998,19384900,64.489998
2017-02-17,64.470001,64.690002,64.300003,64.620003,21234600,64.620003
2017-02-16,64.739998,65.239998,64.440002,64.519997,20524700,64.519997
2017-02-15,64.50,64.57,64.160004,64.529999,16917000,64.529999
2017-02-14,64.410004,64.720001,64.019997,64.57,23065900,64.57
2017-02-24,64.529999,64.800003,64.139999,64.620003,21705200,64.620003
2017-02-23,64.419998,64.730003,64.190002,64.620003,20235200,64.620003
2017-02-22,64.330002,64.389999,64.050003,64.360001,19259700,64.360001
2017-02-21,64.610001,64.949997,64.449997,64.489998,19384900,64.489998
2017-02-17,64.470001,64.690002,64.300003,64.620003,21234600,64.620003
2017-02-16,64.739998,65.239998,64.440002,64.519997,20524700,64.519997
2017-02-15,64.50,64.57,64.160004,64.529999,16917000,64.529999
2017-02-14,64.410004,64.720001,64.019997,64.57,23065900,64.57
2017-02-24,64.529999,64.800003,64.139999,64.620003,21705200,64.620003
2017-02-23,64.419998,64.730003,64.190002,64.620003,20235200,64.620003
2017-02-22,64.330002,64.389999,64.050003,64.360001,19259700,64.360001
2017-02-21,64.610001,64.949997,64.449997,64.489998,19384900,64.489998
2017-02-17,64.470001,64.690002,64.300003,64.620003,21234600,64.620003
2017-02-16,64.739998,65.239998,64.440002,64.519997,20524700,64.519997
2017-02-15,64.50,64.57,64.160004,64.529999,16917000,64.529999
2017-02-14,64.410004,64.720001,64.019997,64.57,23065900,64.57
2017-02-24,64.529999,64.800003,64.139999,64.620003,21705200,64.620003
2017-02-23,64.419998,64.730003,64.190002,64.620003,20235200,64.620003
2017-02-22,64.330002,64.389999,64.050003,64.360001,19259700,64.360001
2017-02-21,64.610001,64.949997,64.449997,64.489998,19384900,64.489998
2017-02-17,64.470001,64.690002,64.300003,64.620003,21234600,64.620003
2017-02-16,64.739998,65.239998,64.440002,64.519997,20524700,64.519997
2017-02-15,64.50,64.57,64.160004,64.529999,16917000,64.529999
2017-02-14,64.410004,64.720001,64.019997,64.57,23065900,64.57
2017-02-24,64.529999,64.800003,64.139999,64.620003,21705200,64.620003
2017-02-23,64.419998,64.730003,64.190002,64.620003,20235200,64.620003
2017-02-22,64.330002,64.389999,64.050003,64.360001,19259700,64.360001
2017-02-21,64.610001,64.949997,64.449997,64.489998,19384900,64.489998
2017-02-17,64.470001,64.690002,64.300003,64.620003,21234600,64.620003
2017-02-16,64.739998,65.239998,64.440002,64.519997,20524700,64.519997
2017-02-15,64.50,64.57,64.160004,64.529999,16917000,64.529999
2017-02-14,64.410004,64.720001,64.019997,64.57,23065900,64.57
2017-02-24,64.529999,64.800003,64.139999,64.620003,21705200,64.620003
2017-02-23,64.419998,64.730003,64.190002,64.620003,20235200,64.620003
2017-02-22,64.330002,64.389999,64.050003,64.360001,19259700,64.360001
2017-02-21,64.610001,64.949997,64.449997,64.489998,19384900,64.489998
2017-02-17,64.470001,64.690002,64.300003,64.620003,21234600,64.620003
2017-02-16,64.739998,65.239998,64.440002,64.519997,20524700,64.519997
2017-02-15,64.50,64.57,64.160004,64.529999,16917000,64.529999
2017-02-14,64.410004,64.720001,64.019997,64.57,23065900,64.57
2017-02-24,64.529999,64.800003,64.139999,64.620003,21705200,64.620003
2017-02-23,64.419998,64.730003,64.190002,64.620003,20235200,64.620003
2017-02-22,64.330002,64.389999,64.050003,64.360001,19259700,64.360001
2017-02-21,64.610001,64.949997,64.449997,64.489998,19384900,64.489998
2017-02-17,64.470001,64.690002,64.300003,64.620003,21234600,64.620003
2017-02-16,64.739998,65.239998,64.440002,64.519997,20524700,64.519997
2017-02-15,64.50,64.57,64.160004,64.529999,16917000,64.529999
2017-02-14,64.410004,64.720001,64.019997,64.57,23065900,64.57
2017-02-24,64.529999,64.800003,64.139999,64.620003,21705200,64.620003
2017-02-23,64.419998,64.730003,64.190002,64.620003,20235200,64.620003
2017-02-22,64.330002,64.389999,64.050003,64.360001,19259700,64.360001
2017-02-21,64.610001,64.949997,64.449997,64.489998,19384900,64.489998
2017-02-17,64.470001,64.690002,64.300003,64.620003,21234600,64.620003
2017-02-16,64.739998,65.239998,64.440002,64.519997,20524700,64.519997
2017-02-15,64.50,64.57,64.160004,64.529999,16917000,64.529999
2017-02-14,64.410004,64.720001,64.019997,64.57,23065900,64.57
2017-02-24,64.529999,64.800003,64.139999,64.620003,21705200,64.620003
2017-02-23,64.419998,64.730003,64.190002,64.620003,20235200,64.620003
2017-02-22,64.330002,64.389999,64.050003,64.360001,19259700,64.360001
2017-02-21,64.610001,64.949997,64.449997,64.489998,19384900,64.489998
2017-02-17,64.470001,64.690002,64.300003,64.620003,21234600,64.620003
2017-02-16,64.739998,65.239998,64.440002,64.519997,20524700,64.519997
2017-02-15,64.50,64.57,64.160004,64.529999,16917000,64.529999
2017-02-14,64.410004,64.720001,64.019997,64.57,23065900,64.57
2017-02-24,64.529999,64.800003,64.139999,64.620003,21705200,64.620003
2017-02-23,64.419998,64.730003,64.190002,64.620003,20235200,64.620003
2017-02-22,64.330002,64.389999,64.050003,64.360001,19259700,64.360001
2017-02-21,64.610001,64.949997,64.449997,64.489998,19384900,64.489998
2017-02-17,64.470001,64.690002,64.300003,64.620003,21234600,64.620003
2017-02-16,64.739998,65.239998,64.440002,64.519997,20524700,64.519997
2017-02-15,64.50,64.57,64.160004,64.529999,16917000,64.529999
2017-02-14,64.410004,64.720001,64.019997,64.57,23065900,64.57
2017-02-24,64.529999,64.800003,64.139999,64.620003,21705200,64.620003
2017-02-23,64.419998,64.730003,64.190002,64.620003,20235200,64.620003
2017-02-22,64.330002,64.389999,64.050003,64.360001,19259700,64.360001
2017-02-21,64.610001,64.949997,64.449997,64.489998,19384900,64.489998
2017-02-17,64.470001,64.690002,64.300003,64.620003,21234600,64.620003
2017-02-16,64.739998,65.239998,64.440002,64.519997,20524700,64.519997
2017-02-15,64.50,64.57,64.160004,64.529999,16917000,64.529999
2017-02-14,64.410004,64.720001,64.019997,64.57,23065900,64.57
2017-02-24,64.529999,64.800003,64.139999,64.620003,21705200,64.620003
2017-02-23,64.419998,64.730003,64.190002,64.620003,20235200,64.620003
2017-02-22,64.330002,64.389999,64.050003,64.360001,19259700,64.360001
2017-02-21,64.610001,64.949997,64.449997,64.489998,19384900,64.489998
2017-02-17,64.470001,64.690002,64.300003,64.620003,21234600,64.620003
2017-02-16,64.739998,65.239998,64.440002,64.519997,20524700,64.519997
2017-02-15,64.50,64.57,64.160004,64.529999,16917000,64.529999
2017-02-14,64.410004,64.720001,64.019997,64.57,23065900,64.57
2017-02-24,64.529999,64.800003,64.139999,64.620003,21705200,64.620003
2017-02-23,64.419998,64.730003,64.190002,64.620003,20235200,64.620003
2017-02-22,64.330002,64.389999,64.050003,64.360001,19259700,64.360001
2017-02-21,64.610001,64.949997,64.449997,64.489998,19384900,64.489998
2017-02-17,64.470001,64.690002,64.300003,64.620003,21234600,64.620003
2017-02-16,64.739998,65.239998,64.440002,64.519997,20524700,64.519997
2017-02-15,64.50,64.57,64.160004,64.529999,16917000,64.529999
2017-02-14,64.410004,64.720001,64.019997,64.57,23065900,64.57
2017-02-24,64.529999,64.800003,64.139999,64.620003,21705200,64.620003
2017-02-23,64.419998,64.730003,64.190002,64.620003,20235200,64.620003
2017-02-22,64.330002,64.389999,64.050003,64.360001,19259700,64.360001
2017-02-21,64.610001,64.949997,64.449997,64.489998,19384900,64.489998
2017-02-17,64.470001,64.690002,64.300003,64.620003,21234600,64.620003
2017-02-16,64.739998,65.239998,64.440002,64.519997,20524700,64.519997
2017-02-15,64.50,64.57,64.160004,64.529999,16917000,64.529999
2017-02-14,64.410004,64.720001,64.019997,64.57,23065900,64.57
2017-02-24,64.529999,64.800003,64.139999,64.620003,21705200,64.620003
2017-02-23,64.419998,64.730003,64.190002,64.620003,20235200,64.620003
2017-02-22,64.330002,64.389999,64.050003,64.360001,19259700,64.360001
2017-02-21,64.610001,64.949997,64.449997,64.489998,19384900,64.489998
2017-02-17,64.470001,64.690002,64.300003,64.620003,21234600,64.620003
2017-02-16,64.739998,65.239998,64.440002,64.519997,20524700,64.519997
2017-02-15,64.50,64.57,64.160004,64.529999,16917000,64.529999
2017-02-14,64.410004,64.720001,64.019997,64.57,23065900,64.57
2017-02-24,64.529999,64.800003,64.139999,64.620003,21705200,64.620003
2017-02-23,64.419998,64.730003,64.190002,64.620003,20235200,64.620003
2017-02-22,64.330002,64.389999,64.050003,64.360001,19259700,64.360001
2017-02-21,64.610001,64.949997,64.449997,64.489998,19384900,64.489998
2017-02-17,64.470001,64.690002,64.300003,64.620003,21234600,64.620003
2017-02-16,64.739998,65.239998,64.440002,64.519997,20524700,64.519997
2017-02-15,64.50,64.57,64.160004,64.529999,16917000,64.529999
2017-02-14,64.410004,64.720001,64.019997,64.57,23065900,64.57
2017-02-24,64.529999,64.800003,64.139999,64.620003,21705200,64.620003
2017-02-23,64.419998,64.730003,64.190002,64.620003,20235200,64.620003
2017-02-22,64.330002,64.389999,64.050003,64.360001,19259700,64.360001
2017-02-21,64.610001,64.949997,64.449997,64.489998,19384900,64.489998
2017-02-17,64.470001,64.690002,64.300003,64.620003,21234600,64.620003
2017-02-16,64.739998,65.239998,64.440002,64.519997,20524700,64.519997
2017-02-15,64.50,64.57,64.160004,64.529999,16917000,64.529999
2017-02-14,64.410004,64.720001,64.019997,64.57,23065900,64.57
2017-02-24,64.529999,64.800003,64.139999,64.620003,21705200,64.620003
2017-02-23,64.419998,64.730003,64.190002,64.620003,20235200,64.620003
2017-02-22,64.330002,64.389999,64.050003,64.360001,19259700,64.360001
2017-02-21,64.610001,64.949997,64.449997,64.489998,19384900,64.489998
2017-02-17,64.470001,64.690002,64.300003,64.620003,21234600,64.620003
2017-02-16,64.739998,65.239998,64.440002,64.519997,20524700,64.519997
2017-02-15,64.50,64.57,64.160004,64.529999,16917000,64.529999
2017-02-14,64.410004,64.720001,64.019997,64.57,23065900,64.57
2017-02-24,64.529999,64.800003,64.139999,64.620003,21705200,64.620003
2017-02-23,64.419998,64.730003,64.190002,64.620003,20235200,64.620003
2017-02-22,64.330002,64.389999,64.050003,64.360001,19259700,64.360001
2017-02-21,64.610001,64.949997,64.449997,64.489998,19384900,64.489998
2017-02-17,64.470001,64.690002,64.300003,64.620003,21234600,64.620003
2017-02-16,64.739998,65.239998,64.440002,64.519997,20524700,64.519997
2017-02-15,64.50,64.57,64.160004,64.529999,16917000,64.529999
2017-02-14,64.410004,64.720001,64.019997,64.57,23065900,64.57
2017-02-24,64.529999,64.800003,64.139999,64.620003,21705200,64.620003
2017-02-23,64.419998,64.730003,64.190002,64.620003,20235200,64.620003
2017-02-22,64.330002,64.389999,64.050003,64.360001,19259700,64.360001
2017-02-21,64.610001,64.949997,64.449997,64.489998,19384900,64.489998
2017-02-17,64.470001,64.690002,64.300003,64.620003,21234600,64.620003
2017-02-16,64.739998,65.239998,64.440002,64.519997,20524700,64.519997
2017-02-15,64.50,64.57,64.160004,64.529999,16917000,64.529999
2017-02-14,64.410004,64.720001,64.019997,64.57,23065900,64.57
2017-02-24,64.529999,64.800003,64.139999,64.620003,21705200,64.620003
2017-02-23,64.419998,64.730003,64.190002,64.620003,20235200,64.620003
2017-02-22,64.330002,64.389999,64.050003,64.360001,19259700,64.360001
2017-02-21,64.610001,64.949997,64.449997,64.489998,19384900,64.489998
2017-02-17,64.470001,64.690002,64.300003,64.620003,21234600,64.620003
2017-02-16,64.739998,65.239998,64.440002,64.519997,20524700,64.519997
2017-02-15,64.50,64.57,64.160004,64.529999,16917000,64.529999
2017-02-14,64.410004,64.720001,64.019997,64.57,23065900,64.57
2017-02-24,64.529999,64.800003,64.139999,64.620003,21705200,64.620003
2017-02-23,64.419998,64.730003,64.190002,64.620003,20235200,64.620003
2017-02-22,64.330002,64.389999,64.050003,64.360001,19259700,64.360001
2017-02-21,64.610001,64.949997,64.449997,64.489998,19384900,64.489998
2017-02-17,64.470001,64.690002,64.300003,64.620003,21234600,64.620003
2017-02-16,64.739998,65.239998,64.440002,64.519997,20524700,64.519997
2017-02-15,64.50,64.57,64.160004,64.529999,16917000,64.529999
2017-02-14,64.410004,64.720001,64.019997,64.57,23065900,64.57
2017-02-24,64.529999,64.800003,64.139999,64.620003,21705200,64.620003
2017-02-23,64.419998,64.730003,64.190002,64.620003,20235200,64.620003
2017-02-22,64.330002,64.389999,64.050003,64.360001,19259700,64.360001
2017-02-21,64.610001,64.949997,64.449997,64.489998,19384900,64.489998
2017-02-17,64.470001,64.690002,64.300003,64.620003,21234600,64.620003
2017-02-16,64.739998,65.239998,64.440002,64.519997,20524700,64.519997
2017-02-15,64.50,64.57,64.160004,64.529999,16917000,64.529999
2017-02-14,64.410004,64.720001,64.019997,64.57,23065900,64.57
2017-02-24,64.529999,64.800003,64.139999,64.620003,21705200,64.620003
2017-02-23,64.419998,64.730003,64.190002,64.620003,20235200,64.620003
2017-02-22,64.330002,64.389999,64.050003,64.360001,19259700,64.360001
2017-02-21,64.610001,64.949997,64.449997,64.489998,19384900,64.489998
2017-02-17,64.470001,64.690002,64.300003,64.620003,21234600,64.620003
2017-02-16,64.739998,65.239998,64.440002,64.519997,20524700,64.519997
2017-02-15,64.50,64.57,64.160004,64.529999,16917000,64.529999
2017-02-14,64.410004,64.720001,64.019997,64.57,23065900,64.57
2017-02-24,64.529999,64.800003,64.139999,64.620003,21705200,64.620003
2017-02-23,64.419998,64.730003,64.190002,64.620003,20235200,64.620003
2017-02-22,64.330002,64.389999,64.050003,64.360001,19259700,64.360001
2017-02-21,64.610001,64.949997,64.449997,64.489998,19384900,64.489998
2017-02-17,64.470001,64.690002,64.300003,64.620003,21234600,64.620003
2017-02-16,64.739998,65.239998,64.440002,64.519997,20524700,64.519997
2017-02-15,64.50,64.57,64.160004,64.529999,16917000,64.529999
2017-02-14,64.410004,64.720001,64.019997,64.57,23065900,64.57
2017-02-24,64.529999,64.800003,64.139999,64.620003,21705200,64.620003
2017-02-23,64.419998,64.730003,64.190002,64.620003,20235200,64.620003
2017-02-22,64.330002,64.389999,64.050003,64.360001,19259700,64.360001
2017-02-21,64.610001,64.949997,64.449997,64.489998,19384900,64.489998
2017-02-17,64.470001,64.690002,64.300003,64.620003,21234600,64.620003
2017-02-16,64.739998,65.239998,64.440002,64.519997,20524700,64.519997
2017-02-15,64.50,64.57,64.160004,64.529999,16917000,64.529999
2017-02-14,64.410004,64.720001,64.019997,64.57,23065900,64.57
2017-02-24,64.529999,64.800003,64.139999,64.620003,21705200,64.620003
2017-02-23,64.419998,64.730003,64.190002,64.620003,20235200,64.620003
2017-02-22,64.330002,64.389999,64.050003,64.360001,19259700,64.360001
2017-02-21,64.610001,64.949997,64.449997,64.489998,19384900,64.489998
2017-02-17,64.470001,64.690002,64.300003,64.620003,21234600,64.620003
2017-02-16,64.739998,65.239998,64.440002,64.519997,20524700,64.519997
2017-02-15,64.50,64.57,64.160004,64.529999,16917000,64.529999
2017-02-14,64.410004,64.720001,64.019997,64.57,23065900,64.57
2017-02-24,64.529999,64.800003,64.139999,64.620003,21705200,64.620003
2017-02-23,64.419998,64.730003,64.190002,64.620003,20235200,64.620003
2017-02-22,64.330002,64.389999,64.050003,64.360001,19259700,64.360001
2017-02-21,64.610001,64.949997,64.449997,64.489998,19384900,64.489998
2017-02-17,64.470001,64.690002,64.300003,64.620003,21234600,64.620003
2017-02-16,64.739998,65.239998,64.440002,64.519997,20524700,64.519997
2017-02-15,64.50,64.57,64.160004,64.529999,16917000,64.529999
2017-02-14,64.410004,64.720001,64.019997,64.57,23065900,64.57
2017-02-24,64.529999,64.800003,64.139999,64.620003,21705200,64.620003
2017-02-23,64.419998,64.730003,64.190002,64.620003,20235200,64.620003
2017-02-22,64.330002,64.389999,64.050003,64.360001,19259700,64.360001
2017-02-21,64.610001,64.949997,64.449997,64.489998,19384900,64.489998
2017-02-17,64.470001,64.690002,64.300003,64.620003,21234600,64.620003
2017-02-16,64.739998,65.239998,64.440002,64.519997,20524700,64.519997
2017-02-15,64.50,64.57,64.160004,64.529999,16917000,64.529999
2017-02-14,64.410004,64.720001,64.019997,64.57,23065900,64.57
2017-02-24,64.529999,64.800003,64.139999,64.620003,21705200,64.620003
2017-02-23,64.419998,64.730003,64.190002,64.620003,20235200,64.620003
2017-02-22,64.330002,64.389999,64.050003,64.360001,19259700,64.360001
2017-02-21,64.610001,64.949997,64.449997,64.489998,19384900,64.489998
2017-02-17,64.470001,64.690002,64.300003,64.620003,21234600,64.620003
2017-02-16,64.739998,65.239998,64.440002,64.519997,20524700,64.519997
2017-02-15,64.50,64.57,64.160004,64.529999,16917000,64.529999
2017-02-14,64.410004,64.720001,64.019997,64.57,23065900,64.57
2017-02-24,64.529999,64.800003,64.139999,64.620003,21705200,64.620003
2017-02-23,64.419998,64.730003,64.190002,64.620003,20235200,64.620003
2017-02-22,64.330002,64.389999,64.050003,64.360001,19259700,64.360001
2017-02-21,64.610001,64.949997,64.449997,64.489998,19384900,64.489998
2017-02-17,64.470001,64.690002,64.300003,64.620003,21234600,64.620003
2017-02-16,64.739998,65.239998,64.440002,64.519997,20524700,64.519997
2017-02-15,64.50,64.57,64.160004,64.529999,16917000,64.529999
2017-02-14,64.410004,64.720001,64.019997,64.57,23065900,64.57
2017-02-24,64.529999,64.800003,64.139999,64.620003,21705200,64.620003
2017-02-23,64.419998,64.730003,64.190002,64.620003,20235200,64.620003
2017-02-22,64.330002,64.389999,64.050003,64.360001,19259700,64.360001
2017-02-21,64.610001,64.949997,64.449997,64.489998,19384900,64.489998
2017-02-17,64.470001,64.690002,64.300003,64.620003,21234600,64.620003
2017-02-16,64.739998,65.239998,64.440002,64.519997,20524700,64.519997
2017-02-15,64.50,64.57,64.160004,64.529999,16917000,64.529999
2017-02-14,64.410004,64.720001,64.019997,64.57,23065900,64.57
2017-02-24,64.529999,64.800003,64.139999,64.620003,21705200,64.620003
2017-02-23,64.419998,64.730003,64.190002,64.620003,20235200,64.620003
2017-02-22,64.330002,64.389999,64.050003,64.360001,19259700,64.360001
2017-02-21,64.610001,64.949997,64.449997,64.489998,19384900,64.489998
2017-02-17,64.470001,64.690002,64.300003,64.620003,21234600,64.620003
2017-02-16,64.739998,65.239998,64.440002,64.519997,20524700,64.519997
2017-02-15,64.50,64.57,64.160004,64.529999,16917000,64.529999
2017-02-14,64.410004,64.720001,64.019997,64.57,23065900,64.57
2017-02-24,64.529999,64.800003,64.139999,64.620003,21705200,64.620003
2017-02-23,64.419998,64.730003,64.190002,64.620003,20235200,64.620003
2017-02-22,64.330002,64.389999,64.050003,64.360001,19259700,64.360001
2017-02-21,64.610001,64.949997,64.449997,64.489998,19384900,64.489998
2017-02-17,64.470001,64.690002,64.300003,64.620003,21234600,64.620003
2017-02-16,64.739998,65.239998,64.440002,64.519997,20524700,64.519997
2017-02-15,64.50,64.57,64.160004,64.529999,16917000,64.529999
2017-02-14,64.410004,64.720001,64.019997,64.57,23065900,64.57
2017-02-24,64.529999,64.800003,64.139999,64.620003,21705200,64.620003
2017-02-23,64.419998,64.730003,64.190002,64.620003,20235200,64.620003
2017-02-22,64.330002,64.389999,64.050003,64.360001,19259700,64.360001
2017-02-21,64.610001,64.949997,64.449997,64.489998,19384900,64.489998
2017-02-17,64.470001,64.690002,64.300003,64.620003,21234600,64.620003
2017-02-16,64.739998,65.239998,64.440002,64.519997,20524700,64.519997
2017-02-15,64.50,64.57,64.160004,64.529999,16917000,64.529999
2017-02-14,64.410004,64.720001,64.019997,64.57,23065900,64.57
2017-02-24,64.529999,64.800003,64.139999,64.620003,21705200,64.620003
2017-02-23,64.419998,64.730003,64.190002,64.620003,20235200,64.620003
2017-02-22,64.330002,64.389999,64.050003,64.360001,19259700,64.360001
2017-02-21,64.610001,64.949997,64.449997,64.489998,19384900,64.489998
2017-02-17,64.470001,64.690002,64.300003,64.620003,21234600,64.620003
2017-02-16,64.739998,65.239998,64.440002,64.519997,20524700,64.519997
2017-02-15,64.50,64.57,64.160004,64.529999,16917000,64.529999
2017-02-14,64.410004,64.720001,64.019997,64.57,23065900,64.57
2017-02-24,64.529999,64.800003,64.139999,64.620003,21705200,64.620003
2017-02-23,64.419998,64.730003,64.190002,64.620003,20235200,64.620003
2017-02-22,64.330002,64.389999,64.050003,64.360001,19259700,64.360001
2017-02-21,64.610001,64.949997,64.449997,64.489998,19384900,64.489998
2017-02-17,64.470001,64.690002,64.300003,64.620003,21234600,64.620003
2017-02-16,64.739998,65.239998,64.440002,64.519997,20524700,64.519997
2017-02-15,64.50,64.57,64.160004,64.529999,16917000,64.529999
2017-02-14,64.410004,64.720001,64.019997,64.57,23065900,64.57
2017-02-24,64.529999,64.800003,64.139999,64.620003,21705200,64.620003
2017-02-23,64.419998,64.730003,64.190002,64.620003,20235200,64.620003
2017-02-22,64.330002,64.389999,64.050003,64.360001,19259700,64.360001
2017-02-21,64.610001,64.949997,64.449997,64.489998,19384900,64.489998
2017-02-17,64.470001,64.690002,64.300003,64.620003,21234600,64.620003
2017-02-16,64.739998,65.239998,64.440002,64.519997,20524700,64.519997
2017-02-15,64.50,64.57,64.160004,64.529999,16917000,64.529999
2017-02-14,64.410004,64.720001,64.019997,64.57,23065900,64.57
2017-02-24,64.529999,64.800003,64.139999,64.620003,21705200,64.620003
2017-02-23,64.419998,64.730003,64.190002,64.620003,20235200,64.620003
2017-02-22,64.330002,64.389999,64.050003,64.360001,19259700,64.360001
2017-02-21,64.610001,64.949997,64.449997,64.489998,19384900,64.489998
2017-02-17,64.470001,64.690002,64.300003,64.620003,21234600,64.620003
2017-02-16,64.739998,65.239998,64.440002,64.519997,20524700,64.519997
2017-02-15,64.50,64.57,64.160004,64.529999,16917000,64.529999
2017-02-14,64.410004,64.720001,64.019997,64.57,23065900,64.57
2017-02-24,64.529999,64.800003,64.139999,64.620003,21705200,64.620003
2017-02-23,64.419998,64.730003,64.190002,64.620003,20235200,64.620003
2017-02-22,64.330002,64.389999,64.050003,64.360001,19259700,64.360001
2017-02-21,64.610001,64.949997,64.449997,64.489998,19384900,64.489998
2017-02-17,64.470001,64.690002,64.300003,64.620003,21234600,64.620003
2017-02-16,64.739998,65.239998,64.440002,64.519997,20524700,64.519997
2017-02-15,64.50,64.57,64.160004,64.529999,16917000,64.529999
2017-02-14,64.410004,64.720001,64.019997,64.57,23065900,64.57
2017-02-24,64.529999,64.800003,64.139999,64.620003,21705200,64.620003
2017-02-23,64.419998,64.730003,64.190002,64.620003,20235200,64.620003
2017-02-22,64.330002,64.389999,64.050003,64.360001,19259700,64.360001
2017-02-21,64.610001,64.949997,64.449997,64.489998,19384900,64.489998
2017-02-17,64.470001,64.690002,64.300003,64.620003,21234600,64.620003
2017-02-16,64.739998,65.239998,64.440002,64.519997,20524700,64.519997
2017-02-15,64.50,64.57,64.160004,64.529999,16917000,64.529999
2017-02-14,64.410004,64.720001,64.019997,64.57,23065900,64.57
2017-02-24,64.529999,64.800003,64.139999,64.620003,21705200,64.620003
2017-02-23,64.419998,64.730003,64.190002,64.620003,20235200,64.620003
2017-02-22,64.330002,64.389999,64.050003,64.360001,19259700,64.360001
2017-02-21,64.610001,64.949997,64.449997,64.489998,19384900,64.489998
2017-02-17,64.470001,64.690002,64.300003,64.620003,21234600,64.620003
2017-02-16,64.739998,65.239998,64.440002,64.519997,20524700,64.519997
2017-02-15,64.50,64.57,64.160004,64.529999,16917000,64.529999
2017-02-14,64.410004,64.720001,64.019997,64.57,23065900,64.57
2017-02-24,64.529999,64.800003,64.139999,64.620003,21705200,64.620003
2017-02-23,64.419998,64.730003,64.190002,64.620003,20235200,64.620003
2017-02-22,64.330002,64.389999,64.050003,64.360001,19259700,64.360001
2017-02-21,64.610001,64.949997,64.449997,64.489998,19384900,64.489998
2017-02-17,64.470001,64.690002,64.300003,64.620003,21234600,64.620003
2017-02-16,64.739998,65.239998,64.440002,64.519997,20524700,64.519997
2017-02-15,64.50,64.57,64.160004,64.529999,16917000,64.529999
2017-02-14,64.410004,64.720001,64.019997,64.57,23065900,64.57
2017-02-24,64.529999,64.800003,64.139999,64.620003,21705200,64.620003
2017-02-23,64.419998,64.730003,64.190002,64.620003,20235200,64.620003
2017-02-22,64.330002,64.389999,64.050003,64.360001,19259700,64.360001
2017-02-21,64.610001,64.949997,64.449997,64.489998,19384900,64.489998
2017-02-17,64.470001,64.690002,64.300003,64.620003,21234600,64.620003
2017-02-16,64.739998,65.239998,64.440002,64.519997,20524700,64.519997
2017-02-15,64.50,64.57,64.160004,64.529999,16917000,64.529999
2017-02-14,64.410004,64.720001,64.019997,64.57,23065900,64.57
2017-02-24,64.529999,64.800003,64.139999,64.620003,21705200,64.620003
2017-02-23,64.419998,64.730003,64.190002,64.620003,20235200,64.620003
2017-02-22,64.330002,64.389999,64.050003,64.360001,19259700,64.360001
2017-02-21,64.610001,64.949997,64.449997,64.489998,19384900,64.489998
2017-02-17,64.470001,64.690002,64.300003,64.620003,21234600,64.620003
2017-02-16,64.739998,65.239998,64.440002,64.519997,20524700,64.519997
2017-02-15,64.50,64.57,64.160004,64.529999,16917000,64.529999
2017-02-14,64.410004,64.720001,64.019997,64.57,23065900,64.57
2017-02-24,64.529999,64.800003,64.139999,64.620003,21705200,64.620003
2017-02-23,64.419998,64.730003,64.190002,64.620003,20235200,64.620003
2017-02-22,64.330002,64.389999,64.050003,64.360001,19259700,64.360001
2017-02-21,64.610001,64.949997,64.449997,64.489998,19384900,64.489998
2017-02-17,64.470001,64.690002,64.300003,64.620003,21234600,64.620003
2017-02-16,64.739998,65.239998,64.440002,64.519997,20524700,64.519997
2017-02-15,64.50,64.57,64.160004,64.529999,16917000,64.529999
2017-02-14,64.410004,64.720001,64.019997,64.57,23065900,64.57
2017-02-24,64.529999,64.800003,64.139999,64.620003,21705200,64.620003
2017-02-23,64.419998,64.730003,64.190002,64.620003,20235200,64.620003
2017-02-22,64.330002,64.389999,64.050003,64.360001,19259700,64.360001
2017-02-21,64.610001,64.949997,64.449997,64.489998,19384900,64.489998
2017-02-17,64.470001,64.690002,64.300003,64.620003,21234600,64.620003
2017-02-16,64.739998,65.239998,64.440002,64.519997,20524700,64.519997
2017-02-15,64.50,64.57,64.160004,64.529999,16917000,64.529999
2017-02-14,64.410004,64.720001,64.019997,64.57,23065900,64.57
2017-02-24,64.529999,64.800003,64.139999,64.620003,21705200,64.620003
2017-02-23,64.419998,64.730003,64.190002,64.620003,20235200,64.620003
2017-02-22,64.330002,64.389999,64.050003,64.360001,19259700,64.360001
2017-02-21,64.610001,64.949997,64.449997,64.489998,19384900,64.489998
2017-02-17,64.470001,64.690002,64.300003,64.620003,21234600,64.620003
2017-02-16,64.739998,65.239998,64.440002,64.519997,20524700,64.519997
2017-02-15,64.50,64.57,64.160004,64.529999,16917000,64.529999
2017-02-14,64.410004,64.720001,64.019997,64.57,23065900,64.57
2017-02-24,64.529999,64.800003,64.139999,64.620003,21705200,64.620003
2017-02-23,64.419998,64.730003,64.190002,64.620003,20235200,64.620003
2017-02-22,64.330002,64.389999,64.050003,64.360001,19259700,64.360001
2017-02-21,64.610001,64.949997,64.449997,64.489998,19384900,64.489998
2017-02-17,64.470001,64.690002,64.300003,64.620003,21234600,64.620003
2017-02-16,64.739998,65.239998,64.440002,64.519997,20524700,64.519997
2017-02-15,64.50,64.57,64.160004,64.529999,16917000,64.529999
2017-02-14,64.410004,64.720001,64.019997,64.57,23065900,64.57
2017-02-24,64.529999,64.800003,64.139999,64.620003,21705200,64.620003
2017-02-23,64.419998,64.730003,64.190002,64.620003,20235200,64.620003
2017-02-22,64.330002,64.389999,64.050003,64.360001,19259700,64.360001
2017-02-21,64.610001,64.949997,64.449997,64.489998,19384900,64.489998
2017-02-17,64.470001,64.690002,64.300003,64.620003,21234600,64.620003
2017-02-16,64.739998,65.239998,64.440002,64.519997,20524700,64.519997
2017-02-15,64.50,64.57,64.160004,64.529999,16917000,64.529999
2017-02-14,64.410004,64.720001,64.019997,64.57,23065900,64.57
2017-02-24,64.529999,64.800003,64.139999,64.620003,21705200,64.620003
2017-02-23,64.419998,64.730003,64.190002,64.620003,20235200,64.620003
2017-02-22,64.330002,64.389999,64.050003,64.360001,19259700,64.360001
2017-02-21,64.610001,64.949997,64.449997,64.489998,19384900,64.489998
2017-02-17,64.470001,64.690002,64.300003,64.620003,21234600,64.620003
2017-02-16,64.739998,65.239998,64.440002,64.519997,20524700,64.519997
2017-02-15,64.50,64.57,64.160004,64.529999,16917000,64.529999
2017-02-14,64.410004,64.720001,64.019997,64.57,23065900,64.57
2017-02-24,64.529999,64.800003,64.139999,64.620003,21705200,64.620003
2017-02-23,64.419998,64.730003,64.190002,64.620003,20235200,64.620003
2017-02-22,64.330002,64.389999,64.050003,64.360001,19259700,64.360001
2017-02-21,64.610001,64.949997,64.449997,64.489998,19384900,64.489998
2017-02-17,64.470001,64.690002,64.300003,64.620003,21234600,64.620003
2017-02-16,64.739998,65.239998,64.440002,64.519997,20524700,64.519997
2017-02-15,64.50,64.57,64.160004,64.529999,16917000,64.529999
2017-02-14,64.410004,64.720001,64.019997,64.57,23065900,64.57
2017-02-24,64.529999,64.800003,64.139999,64.620003,21705200,64.620003
2017-02-23,64.419998,64.730003,64.190002,64.620003,20235200,64.620003
2017-02-22,64.330002,64.389999,64.050003,64.360001,19259700,64.360001
2017-02-21,64.610001,64.949997,64.449997,64.489998,19384900,64.489998
2017-02-17,64.470001,64.690002,64.300003,64.620003,21234600,64.620003
2017-02-16,64.739998,65.239998,64.440002,64.519997,20524700,64.519997
2017-02-15,64.50,64.57,64.160004,64.529999,16917000,64.529999
2017-02-14,64.410004,64.720001,64.019997,64.57,23065900,64.57
2017-02-24,64.529999,64.800003,64.139999,64.620003,21705200,64.620003
2017-02-23,64.419998,64.730003,64.190002,64.620003,20235200,64.620003
2017-02-22,64.330002,64.389999,64.050003,64.360001,19259700,64.360001
2017-02-21,64.610001,64.949997,64.449997,64.489998,19384900,64.489998
2017-02-17,64.470001,64.690002,64.300003,64.620003,21234600,64.620003
2017-02-16,64.739998,65.239998,64.440002,64.519997,20524700,64.519997
2017-02-15,64.50,64.57,64.160004,64.529999,16917000,64.529999
2017-02-14,64.410004,64.720001,64.019997,64.57,23065900,64.57
2017-02-24,64.529999,64.800003,64.139999,64.620003,21705200,64.620003
2017-02-23,64.419998,64.730003,64.190002,64.620003,20235200,64.620003
2017-02-22,64.330002,64.389999,64.050003,64.360001,19259700,64.360001
2017-02-21,64.610001,64.949997,64.449997,64.489998,19384900,64.489998
2017-02-17,64.470001,64.690002,64.300003,64.620003,21234600,64.620003
2017-02-16,64.739998,65.239998,64.440002,64.519997,20524700,64.519997
2017-02-15,64.50,64.57,64.160004,64.529999,16917000,64.529999
2017-02-14,64.410004,64.720001,64.019997,64.57,23065900,64.57
2017-02-24,64.529999,64.800003,64.139999,64.620003,21705200,64.620003
2017-02-23,64.419998,64.730003,64.190002,64.620003,20235200,64.620003
2017-02-22,64.330002,64.389999,64.050003,64.360001,19259700,64.360001
2017-02-21,64.610001,64.949997,64.449997,64.489998,19384900,64.489998
2017-02-17,64.470001,64.690002,64.300003,64.620003,21234600,64.620003
2017-02-16,64.739998,65.239998,64.440002,64.519997,20524700,64.519997
2017-02-15,64.50,64.57,64.160004,64.529999,16917000,64.529999
2017-02-14,64.410004,64.720001,64.019997,64.57,23065900,64.57
2017-02-24,64.529999,64.800003,64.139999,64.620003,21705200,64.620003
2017-02-23,64.419998,64.730003,64.190002,64.620003,20235200,64.620003
2017-02-22,64.330002,64.389999,64.050003,64.360001,19259700,64.360001
2017-02-21,64.610001,64.949997,64.449997,64.489998,19384900,64.489998
2017-02-17,64.470001,64.690002,64.300003,64.620003,21234600,64.620003
2017-02-16,64.739998,65.239998,64.440002,64.519997,20524700,64.519997
2017-02-15,64.50,64.57,64.160004,64.529999,16917000,64.529999
2017-02-14,64.410004,64.720001,64.019997,64.57,23065900,64.57
2017-02-24,64.529999,64.800003,64.139999,64.620003,21705200,64.620003
2017-02-23,64.419998,64.730003,64.190002,64.620003,20235200,64.620003
2017-02-22,64.330002,64.389999,64.050003,64.360001,19259700,64.360001
2017-02-21,64.610001,64.949997,64.449997,64.489998,19384900,64.489998
2017-02-17,64.470001,64.690002,64.300003,64.620003,21234600,64.620003
2017-02-16,64.739998,65.239998,64.440002,64.519997,20524700,64.519997
2017-02-15,64.50,64.57,64.160004,64.529999,16917000,64.529999
2017-02-14,64.410004,64.720001,64.019997,64.57,23065900,64.57
2017-02-24,64.529999,64.800003,64.139999,64.620003,21705200,64.620003
2017-02-23,64.419998,64.730003,64.190002,64.620003,20235200,64.620003
2017-02-22,64.330002,64.389999,64.050003,64.360001,19259700,64.360001
2017-02-21,64.610001,64.949997,64.449997,64.489998,19384900,64.489998
2017-02-17,64.470001,64.690002,64.300003,64.620003,21234600,64.620003
2017-02-16,64.739998,65.239998,64.440002,64.519997,20524700,64.519997
2017-02-15,64.50,64.57,64.160004,64.529999,16917000,64.529999
2017-02-14,64.410004,64.720001,64.019997,64.57,23065900,64.57
2017-02-24,64.529999,64.800003,64.139999,64.620003,21705200,64.620003
2017-02-23,64.419998,64.730003,64.190002,64.620003,20235200,64.620003
2017-02-22,64.330002,64.389999,64.050003,64.360001,19259700,64.360001
2017-02-21,64.610001,64.949997,64.449997,64.489998,19384900,64.489998
2017-02-17,64.470001,64.690002,64.300003,64.620003,21234600,64.620003
2017-02-16,64.739998,65.239998,64.440002,64.519997,20524700,64.519997
2017-02-15,64.50,64.57,64.160004,64.529999,16917000,64.529999
2017-02-14,64.410004,64.720001,64.019997,64.57,23065900,64.57
2017-02-24,64.529999,64.800003,64.139999,64.620003,21705200,64.620003
2017-02-23,64.419998,64.730003,64.190002,64.620003,20235200,64.620003
2017-02-22,64.330002,64.389999,64.050003,64.360001,19259700,64.360001
2017-02-21,64.610001,64.949997,64.449997,64.489998,19384900,64.489998
2017-02-17,64.470001,64.690002,64.300003,64.620003,21234600,64.620003
2017-02-16,64.739998,65.239998,64.440002,64.519997,20524700,64.519997
2017-02-15,64.50,64.57,64.160004,64.529999,16917000,64.529999
2017-02-14,64.410004,64.720001,64.019997,64.57,23065900,64.57
2017-02-24,64.529999,64.800003,64.139999,64.620003,21705200,64.620003
2017-02-23,64.419998,64.730003,64.190002,64.620003,20235200,64.620003
2017-02-22,64.330002,64.389999,64.050003,64.360001,19259700,64.360001
2017-02-21,64.610001,64.949997,64.449997,64.489998,19384900,64.489998
2017-02-17,64.470001,64.690002,64.300003,64.620003,21234600,64.620003
2017-02-16,64.739998,65.239998,64.440002,64.519997,20524700,64.519997
2017-02-15,64.50,64.57,64.160004,64.529999,16917000,64.529999
2017-02-14,64.410004,64.720001,64.019997,64.57,23065900,64.57
2017-02-24,64.529999,64.800003,64.139999,64.620003,21705200,64.620003
2017-02-23,64.419998,64.730003,64.190002,64.620003,20235200,64.620003
2017-02-22,64.330002,64.389999,64.050003,64.360001,19259700,64.360001
2017-02-21,64.610001,64.949997,64.449997,64.489998,19384900,64.489998
2017-02-17,64.470001,64.690002,64.300003,64.620003,21234600,64.620003
2017-02-16,64.739998,65.239998,64.440002,64.519997,20524700,64.519997
2017-02-15,64.50,64.57,64.160004,64.529999,16917000,64.529999
2017-02-14,64.410004,64.720001,64.019997,64.57,23065900,64.57
2017-02-24,64.529999,64.800003,64.139999,64.620003,21705200,64.620003
2017-02-23,64.419998,64.730003,64.190002,64.620003,20235200,64.620003
2017-02-22,64.330002,64.389999,64.050003,64.360001,19259700,64.360001
2017-02-21,64.610001,64.949997,64.449997,64.489998,19384900,64.489998
2017-02-17,64.470001,64.690002,64.300003,64.620003,21234600,64.620003
2017-02-16,64.739998,65.239998,64.440002,64.519997,20524700,64.519997
2017-02-15,64.50,64.57,64.160004,64.529999,16917000,64.529999
2017-02-14,64.410004,64.720001,64.019997,64.57,23065900,64.57
2017-02-24,64.529999,64.800003,64.139999,64.620003,21705200,64.620003
2017-02-23,64.419998,64.730003,64.190002,64.620003,20235200,64.620003
2017-02-22,64.330002,64.389999,64.050003,64.360001,19259700,64.360001
2017-02-21,64.610001,64.949997,64.449997,64.489998,19384900,64.489998
2017-02-17,64.470001,64.690002,64.300003,64.620003,21234600,64.620003
2017-02-16,64.739998,65.239998,64.440002,64.519997,20524700,64.519997
2017-02-15,64.50,64.57,64.160004,64.529999,16917000,64.529999
2017-02-14,64.410004,64.720001,64.019997,64.57,23065900,64.57
2017-02-24,64.529999,64.800003,64.139999,64.620003,21705200,64.620003
2017-02-23,64.419998,64.730003,64.190002,64.620003,20235200,64.620003
2017-02-22,64.330002,64.389999,64.050003,64.360001,19259700,64.360001
2017-02-21,64.610001,64.949997,64.449997,64.489998,19384900,64.489998
2017-02-17,64.470001,64.690002,64.300003,64.620003,21234600,64.620003
2017-02-16,64.739998,65.239998,64.440002,64.519997,20524700,64.519997
2017-02-15,64.50,64.57,64.160004,64.529999,16917000,64.529999
2017-02-14,64.410004,64.720001,64.019997,64.57,23065900,64.57
2017-02-24,64.529999,64.800003,64.139999,64.620003,21705200,64.620003
2017-02-23,64.419998,64.730003,64.190002,64.620003,20235200,64.620003
2017-02-22,64.330002,64.389999,64.050003,64.360001,19259700,64.360001
2017-02-21,64.610001,64.949997,64.449997,64.489998,19384900,64.489998
2017-02-17,64.470001,64.690002,64.300003,64.620003,21234600,64.620003
2017-02-16,64.739998,65.239998,64.440002,64.519997,20524700,64.519997
2017-02-15,64.50,64.57,64.160004,64.529999,16917000,64.529999
2017-02-14,64.410004,64.720001,64.019997,64.57,23065900,64.57
2017-02-24,64.529999,64.800003,64.139999,64.620003,21705200,64.620003
2017-02-23,64.419998,64.730003,64.190002,64.620003,20235200,64.620003
2017-02-22,64.330002,64.389999,64.050003,64.360001,19259700,64.360001
2017-02-21,64.610001,64.949997,64.449997,64.489998,19384900,64.489998
2017-02-17,64.470001,64.690002,64.300003,64.620003,21234600,64.620003
2017-02-16,64.739998,65.239998,64.440002,64.519997,20524700,64.519997
2017-02-15,64.50,64.57,64.160004,64.529999,16917000,64.529999
2017-02-14,64.410004,64.720001,64.019997,64.57,23065900,64.57
2017-02-24,64.529999,64.800003,64.139999,64.620003,21705200,64.620003
2017-02-23,64.419998,64.730003,64.190002,64.620003,20235200,64.620003
2017-02-22,64.330002,64.389999,64.050003,64.360001,19259700,64.360001
2017-02-21,64.610001,64.949997,64.449997,64.489998,19384900,64.489998
2017-02-17,64.470001,64.690002,64.300003,64.620003,21234600,64.620003
2017-02-16,64.739998,65.239998,64.440002,64.519997,20524700,64.519997
2017-02-15,64.50,64.57,64.160004,64.529999,16917000,64.529999
2017-02-14,64.410004,64.720001,64.019997,64.57,23065900,64.57
2017-02-24,64.529999,64.800003,64.139999,64.620003,21705200,64.620003
2017-02-23,64.419998,64.730003,64.190002,64.620003,20235200,64.620003
2017-02-22,64.330002,64.389999,64.050003,64.360001,19259700,64.360001
2017-02-21,64.610001,64.949997,64.449997,64.489998,19384900,64.489998
2017-02-17,64.470001,64.690002,64.300003,64.620003,21234600,64.620003
2017-02-16,64.739998,65.239998,64.440002,64.519997,20524700,64.519997
2017-02-15,64.50,64.57,64.160004,64.529999,16917000,64.529999
2017-02-14,64.410004,64.720001,64.019997,64.57,23065900,64.57
2017-02-24,64.529999,64.800003,64.139999,64.620003,21705200,64.620003
2017-02-23,64.419998,64.730003,64.190002,64.620003,20235200,64.620003
2017-02-22,64.330002,64.389999,64.050003,64.360001,19259700,64.360001
2017-02-21,64.610001,64.949997,64.449997,64.489998,19384900,64.489998
2017-02-17,64.470001,64.690002,64.300003,64.620003,21234600,64.620003
2017-02-16,64.739998,65.239998,64.440002,64.519997,20524700,64.519997
2017-02-15,64.50,64.57,64.160004,64.529999,16917000,64.529999
2017-02-14,64.410004,64.720001,64.019997,64.57,23065900,64.57
2017-02-24,64.529999,64.800003,64.139999,64.620003,21705200,64.620003
2017-02-23,64.419998,64.730003,64.190002,64.620003,20235200,64.620003
2017-02-22,64.330002,64.389999,64.050003,64.360001,19259700,64.360001
2017-02-21,64.610001,64.949997,64.449997,64.489998,19384900,64.489998
2017-02-17,64.470001,64.690002,64.300003,64.620003,21234600,64.620003
2017-02-16,64.739998,65.239998,64.440002,64.519997,20524700,64.519997
2017-02-15,64.50,64.57,64.160004,64.529999,16917000,64.529999
2017-02-14,64.410004,64.720001,64.019997,64.57,23065900,64.57
2017-02-24,64.529999,64.800003,64.139999,64.620003,21705200,64.620003
2017-02-23,64.419998,64.730003,64.190002,64.620003,20235200,64.620003
2017-02-22,64.330002,64.389999,64.050003,64.360001,19259700,64.360001
2017-02-21,64.610001,64.949997,64.449997,64.489998,19384900,64.489998
2017-02-17,64.470001,64.690002,64.300003,64.620003,21234600,64.620003
2017-02-16,64.739998,65.239998,64.440002,64.519997,20524700,64.519997
2017-02-15,64.50,64.57,64.160004,64.529999,16917000,64.529999
2017-02-14,64.410004,64.720001,64.019997,64.57,23065900,64.57
2017-02-24,64.529999,64.800003,64.139999,64.620003,21705200,64.620003
2017-02-23,64.419998,64.730003,64.190002,64.620003,20235200,64.620003
2017-02-22,64.330002,64.389999,64.050003,64.360001,19259700,64.360001
2017-02-21,64.610001,64.949997,64.449997,64.489998,19384900,64.489998
2017-02-17,64.470001,64.690002,64.300003,64.620003,21234600,64.620003
2017-02-16,64.739998,65.239998,64.440002,64.519997,20524700,64.519997
2017-02-15,64.50,64.57,64.160004,64.529999,16917000,64.529999
2017-02-14,64.410004,64.720001,64.019997,64.57,23065900,64.57
2017-02-24,64.529999,64.800003,64.139999,64.620003,21705200,64.620003
2017-02-23,64.419998,64.730003,64.190002,64.620003,20235200,64.620003
2017-02-22,64.330002,64.389999,64.050003,64.360001,19259700,64.360001
2017-02-21,64.610001,64.949997,64.449997,64.489998,19384900,64.489998
2017-02-17,64.470001,64.690002,64.300003,64.620003,21234600,64.620003
2017-02-16,64.739998,65.239998,64.440002,64.519997,20524700,64.519997
2017-02-15,64.50,64.57,64.160004,64.529999,16917000,64.529999
2017-02-14,64.410004,64.720001,64.019997,64.57,23065900,64.57
2017-02-24,64.529999,64.800003,64.139999,64.620003,21705200,64.620003
2017-02-23,64.419998,64.730003,64.190002,64.620003,20235200,64.620003
2017-02-22,64.330002,64.389999,64.050003,64.360001,19259700,64.360001
2017-02-21,64.610001,64.949997,64.449997,64.489998,19384900,64.489998
2017-02-17,64.470001,64.690002,64.300003,64.620003,21234600,64.620003
2017-02-16,64.739998,65.239998,64.440002,64.519997,20524700,64.519997
2017-02-15,64.50,64.57,64.160004,64.529999,16917000,64.529999
2017-02-14,64.410004,64.720001,64.019997,64.57,23065900,64.57
2017-02-24,64.529999,64.800003,64.139999,64.620003,21705200,64.620003
2017-02-23,64.419998,64.730003,64.190002,64.620003,20235200,64.620003
2017-02-22,64.330002,64.389999,64.050003,64.360001,19259700,64.360001
2017-02-21,64.610001,64.949997,64.449997,64.489998,19384900,64.489998
2017-02-17,64.470001,64.690002,64.300003,64.620003,21234600,64.620003
2017-02-16,64.739998,65.239998,64.440002,64.519997,20524700,64.519997
2017-02-15,64.50,64.57,64.160004,64.529999,16917000,64.529999
2017-02-14,64.410004,64.720001,64.019997,64.57,23065900,64.57
2017-02-24,64.529999,64.800003,64.139999,64.620003,21705200,64.620003
2017-02-23,64.419998,64.730003,64.190002,64.620003,20235200,64.620003
2017-02-22,64.330002,64.389999,64.050003,64.360001,19259700,64.360001
2017-02-21,64.610001,64.949997,64.449997,64.489998,19384900,64.489998
2017-02-17,64.470001,64.690002,64.300003,64.620003,21234600,64.620003
2017-02-16,64.739998,65.239998,64.440002,64.519997,20524700,64.519997
2017-02-15,64.50,64.57,64.160004,64.529999,16917000,64.529999
2017-02-14,64.410004,64.720001,64.019997,64.57,23065900,64.57
2017-02-24,64.529999,64.800003,64.139999,64.620003,21705200,64.620003
2017-02-23,64.419998,64.730003,64.190002,64.620003,20235200,64.620003
2017-02-22,64.330002,64.389999,64.050003,64.360001,19259700,64.360001
2017-02-21,64.610001,64.949997,64.449997,64.489998,19384900,64.489998
2017-02-17,64.470001,64.690002,64.300003,64.620003,21234600,64.620003
2017-02-16,64.739998,65.239998,64.440002,64.519997,20524700,64.519997
2017-02-15,64.50,64.57,64.160004,64.529999,16917000,64.529999
2017-02-14,64.410004,64.720001,64.019997,64.57,23065900,64.57
2017-02-24,64.529999,64.800003,64.139999,64.620003,21705200,64.620003
2017-02-23,64.419998,64.730003,64.190002,64.620003,20235200,64.620003
2017-02-22,64.330002,64.389999,64.050003,64.360001,19259700,64.360001
2017-02-21,64.610001,64.949997,64.449997,64.489998,19384900,64.489998
2017-02-17,64.470001,64.690002,64.300003,64.620003,21234600,64.620003
2017-02-16,64.739998,65.239998,64.440002,64.519997,20524700,64.519997
2017-02-15,64.50,64.57,64.160004,64.529999,16917000,64.529999
2017-02-14,64.410004,64.720001,64.019997,64.57,23065900,64.57
2017-02-24,64.529999,64.800003,64.139999,64.620003,21705200,64.620003
2017-02-23,64.419998,64.730003,64.190002,64.620003,20235200,64.620003
2017-02-22,64.330002,64.389999,64.050003,64.360001,19259700,64.360001
2017-02-21,64.610001,64.949997,64.449997,64.489998,19384900,64.489998
2017-02-17,64.470001,64.690002,64.300003,64.620003,21234600,64.620003
2017-02-16,64.739998,65.239998,64.440002,64.519997,20524700,64.519997
2017-02-15,64.50,64.57,64.160004,64.529999,16917000,64.529999
2017-02-14,64.410004,64.720001,64.019997,64.57,23065900,64.57
2017-02-24,64.529999,64.800003,64.139999,64.620003,21705200,64.620003
2017-02-23,64.419998,64.730003,64.190002,64.620003,20235200,64.620003
2017-02-22,64.330002,64.389999,64.050003,64.360001,19259700,64.360001
2017-02-21,64.610001,64.949997,64.449997,64.489998,19384900,64.489998
2017-02-17,64.470001,64.690002,64.300003,64.620003,21234600,64.620003
2017-02-16,64.739998,65.239998,64.440002,64.519997,20524700,64.519997
2017-02-15,64.50,64.57,64.160004,64.529999,16917000,64.529999
2017-02-14,64.410004,64.720001,64.019997,64.57,23065900,64.57
2017-02-24,64.529999,64.800003,64.139999,64.620003,21705200,64.620003
2017-02-23,64.419998,64.730003,64.190002,64.620003,20235200,64.620003
2017-02-22,64.330002,64.389999,64.050003,64.360001,19259700,64.360001
2017-02-21,64.610001,64.949997,64.449997,64.489998,19384900,64.489998
2017-02-17,64.470001,64.690002,64.300003,64.620003,21234600,64.620003
2017-02-16,64.739998,65.239998,64.440002,64.519997,20524700,64.519997
2017-02-15,64.50,64.57,64.160004,64.529999,16917000,64.529999
2017-02-14,64.410004,64.720001,64.019997,64.57,23065900,64.57
2017-02-24,64.529999,64.800003,64.139999,64.620003,21705200,64.620003
2017-02-23,64.419998,64.730003,64.190002,64.620003,20235200,64.620003
2017-02-22,64.330002,64.389999,64.050003,64.360001,19259700,64.360001
2017-02-21,64.610001,64.949997,64.449997,64.489998,19384900,64.489998
2017-02-17,64.470001,64.690002,64.300003,64.620003,21234600,64.620003
2017-02-16,64.739998,65.239998,64.440002,64.519997,20524700,64.519997
2017-02-15,64.50,64.57,64.160004,64.529999,16917000,64.529999
2017-02-14,64.410004,64.720001,64.019997,64.57,23065900,64.57
2017-02-24,64.529999,64.800003,64.139999,64.620003,21705200,64.620003
2017-02-23,64.419998,64.730003,64.190002,64.620003,20235200,64.620003
2017-02-22,64.330002,64.389999,64.050003,64.360001,19259700,64.360001
2017-02-21,64.610001,64.949997,64.449997,64.489998,19384900,64.489998
2017-02-17,64.470001,64.690002,64.300003,64.620003,21234600,64.620003
2017-02-16,64.739998,65.239998,64.440002,64.519997,20524700,64.519997
2017-02-15,64.50,64.57,64.160004,64.529999,16917000,64.529999
2017-02-14,64.410004,64.720001,64.019997,64.57,23065900,64.57
